serie,p,d,q,mape,rmse
real_202512,0,1,0,21.595074131161738,64887.78618508303
