serie,p,d,q,mape,rmse
real_202603,0,1,0,12.851077397101122,74916.2167674663
